{"cameraMode":{"drawMode":0,"name":"Shaded","section":"Shading Mode"},"sceneLighting":true,"audioPlay":false,"sceneViewState":{"showFog":true,"showMaterialUpdate":false,"showSkybox":true,"showFlares":true,"showImageEffects":true,"showParticleSystems":true},"in2DMode":false,"pivot":{"x":607.40234375,"y":430.8597412109375,"z":62.193359375},"rotation":{"x":0.0614594966173172,"y":0.00748584745451808,"z":-0.0004609781608451158,"w":0.9980809688568115},"size":1017.3265991210938,"orthographic":false}